Date,Rating,Review,Device Type
2025-11-11 15:05:37,5,My acc my moneys,Phone
2025-11-11 12:23:57,5,Thank,Phone
2025-11-11 11:50:34,5,?????????????????????????????? ??????????????,Phone
2025-11-11 10:36:54,2,good appointment for ?,Phone
2025-11-11 04:48:47,5,good,Phone
2025-11-11 04:38:58,5,like,Phone
2025-11-10 21:23:13,5,good,Phone
2025-11-10 18:10:24,5,GOOD APP FOR BUSINESS,Phone
2025-11-10 15:15:31,5,good,Phone
2025-11-10 12:09:32,5,ok,Tablet
2025-11-10 09:33:59,4,Good,Phone
2025-11-10 03:59:24,5,Good,Phone
2025-11-09 17:42:25,4,ok,Phone
2025-11-09 14:30:35,5,very good,Phone
2025-11-09 12:53:24,5,like,Phone
2025-11-09 09:51:00,5,Good,Phone
2025-11-09 09:39:58,5,good app,Phone
2025-11-09 09:22:00,5,thank play store,Tablet
2025-11-09 09:02:08,5,kpay is great,Phone
2025-11-09 08:53:57,5,???!,Phone
2025-11-09 08:32:23,5,kpay acc????????????,Phone
2025-11-09 06:57:00,5,kolaythu,Phone
2025-11-09 01:33:28,5,very good,Phone
2025-11-08 18:29:26,1,Scam app ????????? ????????? 5K ?????? ????????????? ???????????????????? ???????????????????,Phone
2025-11-08 15:15:32,1,"bad service,",Phone
2025-11-08 14:27:50,4,Good,Phone
2025-11-08 13:52:52,5,good,Phone
2025-11-08 08:43:55,1,I don't like this app,Phone
2025-11-07 20:08:52,5,good,Tablet
2025-11-07 18:48:25,5,SoOkgood,Phone
2025-11-07 17:17:36,5,Nice App for payment,Phone
2025-11-07 16:46:38,3,ok,Phone
2025-11-07 08:11:32,5,so good,Phone
2025-11-07 07:21:33,5,good,Phone
2025-11-07 05:59:26,1,don't use this software. you will lose all of your money. their customer service will not support you whatever you facing.,Phone
2025-11-07 03:45:23,5,Help you app dowload,Phone
2025-11-07 01:18:26,5,good,Phone
2025-11-06 19:12:58,5,Very good,Phone
2025-11-06 15:55:11,5,good,Phone
2025-11-06 15:04:34,5,good,Phone
2025-11-06 13:14:45,1,?????????????? noti ?????????? phayloephyit loh ???????? ??????????????? ???????? matharma tway yay,Tablet
2025-11-06 07:49:50,5,very good,Tablet
2025-11-06 03:51:51,5,very good,Tablet
2025-11-06 02:47:14,3,good lee,Phone
2025-11-05 14:23:11,5,good,Phone
2025-11-05 11:33:23,5,???????? service SMS ????? ???????????????????? massage ?????? ???????? ??? ??????????? ?????,Phone
2025-11-05 08:40:07,5,i like this@,Phone
2025-11-05 06:39:32,2,good,Phone
2025-11-05 02:45:49,5,Using for best app,Phone
2025-11-04 23:13:31,5,good,Phone
2025-11-04 18:28:47,5,Best,Phone
2025-11-04 17:10:25,5,??????????????????????????????????? ???????????,Phone
2025-11-03 18:36:51,5,goid,Phone
2025-11-03 15:39:29,4,"Why is recharge for some games not updating. It says ''Maintenance is Underway"".",Tablet
2025-11-03 15:23:38,4,good,Phone
2025-11-03 15:08:18,1,you can app join very slowiy down,Phone
2025-11-03 14:57:51,5,Ok,Tablet
2025-11-02 10:03:02,5,good,Tablet
2025-11-01 22:46:26,5,good,Phone
2025-11-01 14:31:00,1,a lot of errors too disappointing,Phone
2025-11-01 13:43:12,5,good,Phone
2025-11-01 13:25:59,5,ThawDar,Phone
2025-11-01 03:13:55,5,?????????????????????,Phone
2025-11-01 02:40:30,1,?????????? ????????????????????,Phone
2025-10-31 18:06:04,3,"Need to "" Dark mode"" next update.",Phone
2025-10-31 17:44:41,1,pin??????? ???????????,Phone
2025-10-31 16:14:47,5,It is easy to use and convenient because of its clear payment and strong security. It saves time.,Phone
2025-10-31 10:11:43,5,Good app,Phone
2025-10-31 07:05:56,5,tgankyou,Phone
2025-10-31 02:15:59,5,like,Phone
2025-10-31 02:12:35,5,good,Tablet
2025-10-30 09:43:19,5,like,Phone
2025-10-30 08:17:48,5,thank love you all,Phone
2025-10-30 07:02:14,5,very useful for me,Phone
2025-10-30 06:33:55,5,????????????????????,Phone
2025-10-30 05:43:25,3,good job,Phone
2025-10-30 02:45:57,4,good,Phone
2025-10-29 21:45:25,5,Best App In Burma.,Phone
2025-10-29 21:17:05,5,help me,Phone
2025-10-29 19:23:26,5,ok,Phone
2025-10-29 14:02:54,5,like,Phone
2025-10-29 13:23:26,1,xi,Tablet
2025-10-29 13:05:45,1,??????????????,Tablet
2025-10-29 09:02:47,5,ok,Phone
2025-10-29 06:49:23,5,????????,Phone
2025-10-29 05:46:26,2,2 update,Phone
2025-10-29 05:18:53,5,it really good,Phone
2025-10-28 23:08:08,5,Lee Pet,Phone
2025-10-28 16:46:24,5,like thet,Phone
2025-10-28 08:17:24,3,goob,Phone
2025-10-28 02:31:05,5,t is fine and we do,Phone
2025-10-28 02:23:12,5,kplay,Phone
2025-10-27 17:42:02,5,Good,Phone
2025-10-27 12:20:07,5,Useful for me,Phone
2025-10-27 05:15:34,5,Good,Phone
2025-10-26 19:27:22,5,very good to use this app,Phone
2025-10-26 15:31:04,5,device change,Tablet
2025-10-26 15:10:18,5,Hhuu,Phone
2025-10-26 11:56:52,5,thanksyou,Phone
2025-10-26 06:02:56,1,no update,Phone
2025-10-25 19:41:01,5,r?jt,Phone
2025-10-25 16:27:34,4,goots,Phone
2025-10-25 14:02:13,5,kyawgyi,Phone
2025-10-25 03:20:34,5,good live,Phone
2025-10-24 15:58:15,5,good to use,Phone
2025-10-24 12:24:06,5,please app down not??,Phone
2025-10-24 08:13:28,5,Ok,Tablet
2025-10-24 07:06:09,5,good.,Phone
2025-10-24 05:59:29,5,good,Phone
2025-10-24 05:30:44,5,nice,Phone
2025-10-24 04:32:16,1,shitiest app ever I use.. it doesn't allow topping up to same number with same amount.,Phone
2025-10-24 00:38:44,5,ok,Phone
2025-10-23 12:29:39,5,good,Phone
2025-10-23 11:56:13,5,good night baby,Phone
2025-10-23 07:12:05,5,My Mi-Phone cann`t use this app.Why?why?,Phone
2025-10-23 01:22:47,5,Good,Phone
2025-10-23 01:00:49,5,good app,Phone
2025-10-22 23:38:20,5,good,Tablet
2025-10-22 18:29:41,5,Very good,Tablet
2025-10-22 14:54:45,3,ok,Tablet
2025-10-22 13:54:29,5,good,Tablet
2025-10-22 13:12:54,5,I like .,Tablet
2025-10-22 13:07:01,5,Yas,Phone
2025-10-22 11:42:11,5,good,Phone
2025-10-22 11:39:11,5,Government controlled bank,Phone
2025-10-22 11:06:30,3,When will the full upgrade come? I would like to add the ability to create your own password and PIN.,Phone
2025-10-22 06:23:06,5,????,Phone
2025-10-22 06:11:32,5,Thank you.For app,Phone
2025-10-22 04:34:11,1,"Overall is great , but the annoying thing is ur kpay acc is automatically follow official accounts ( Like page/Advertising Channels ) however i unfollow them , it keeps coming a lot and tired of it. The user must have control of their own accounts not by force following even if they pay to put on the kpay official accounts list.",Phone
2025-10-20 15:06:37,3,Nice app,Phone
2025-10-20 14:07:31,1,???????????????hack?????,Phone
2025-10-20 12:07:25,5,so good,Phone
2025-10-20 05:59:41,2,not bed,Phone
2025-10-20 04:52:58,5,install,Tablet
2025-10-20 00:28:43,5,good,Tablet
2025-10-19 20:13:49,5,err,Phone
2025-10-19 17:49:08,5,pha ngai..,Phone
2025-10-19 16:03:54,5,SaSai,Phone
2025-10-19 15:17:29,5,ok,Phone
2025-10-19 13:04:29,5,better,Phone
2025-10-18 16:34:18,1,??????????????????????????????????????????????????????????????????????????????,Tablet
2025-10-18 16:23:50,4,appreciate,Phone
2025-10-18 13:40:17,4,Good app,Tablet
2025-10-18 12:28:50,5,very useful,Tablet
2025-10-18 12:10:01,5,ok,Phone
2025-10-18 11:06:14,5,KBZ Bank and UK city taunggyi Myanmar the grand Shan hotel and tour rental Inlay myanmar. family and friends,Tablet
2025-10-18 09:36:36,5,I life like do.,Phone
2025-10-18 06:56:01,5,Nice,Phone
2025-10-18 06:32:53,1,????????? ???????? $ ????????????? application ????? ??????? ????????????? KBZ Center ??? Account ????????????? ??????????????????????? ???????????? ?????????????? ?????????????????? ??????? ???? ? ??????? ?????? ? ??????????? ??????????????????? ???????????????? ?????????????????? ???????? $ ??????????????????????????? ??? ???????????? ???? Application ????? ??????? uninstall ?????????????????????? ????????????????? ????????????????????????? Uninstall ??????????????,Phone
2025-10-18 04:21:22,5,it's useful,Phone
2025-10-17 17:21:48,5,i need money,Tablet
2025-10-17 15:48:08,5,Nnt.,Phone
2025-10-17 08:48:51,5,good,Tablet
2025-10-17 08:41:35,5,verygood,Phone
2025-10-17 08:07:25,5,good,Phone
2025-10-17 05:01:43,5,?????????????? ??????????,Phone
2025-10-17 02:47:03,5,????,Phone
2025-10-17 01:07:40,5,ok,Phone
2025-10-16 17:42:26,5,Good??,Phone
2025-10-16 12:45:47,3,Good,Phone
2025-10-16 11:07:15,1,Very Bad customer services ever.,Phone
2025-10-16 10:52:45,5,Good app thank,Tablet
2025-10-16 09:14:43,5,QUERT@.KBZPAY piN ?????????????????????????,Phone
2025-10-16 08:05:19,5,like,Phone
2025-10-15 22:03:35,5,ok,Phone
2025-10-15 15:28:47,5,Good,Tablet
2025-10-15 13:26:32,5,good,Phone
2025-10-15 12:16:22,5,Love you all,Phone
2025-10-15 12:16:07,5,?????????,Phone
2025-10-15 11:16:41,5,????????,Phone
2025-10-15 04:01:11,5,useful app,Tablet
2025-10-15 03:02:30,5,good,Phone
2025-10-14 14:03:34,5,so good,Phone
2025-10-14 11:17:55,1,low bank service quality,Phone
2025-10-14 09:14:24,5,very good,Phone
2025-10-14 08:58:21,5,app into not dainger good like,Phone
2025-10-14 05:53:14,5,good,Phone
2025-10-13 17:03:48,5,good,Phone
2025-10-13 09:23:57,5,Thanks you .This App regular to money payment,Phone
2025-10-13 06:28:59,5,ok,Phone
2025-10-13 06:26:09,5,htoomyat,Phone
2025-10-13 05:18:33,5,?????????????????,Phone
2025-10-12 20:15:52,4,Really ? Hhfg,Phone
2025-10-12 17:59:01,5,good,Phone
2025-10-12 17:12:03,5,good,Tablet
2025-10-12 16:31:37,5,good luck,Tablet
2025-10-12 11:31:28,1,MaungMin,Tablet
2025-10-12 08:47:43,1,??????????????????????????????,Tablet
2025-10-12 08:02:50,5,good,Tablet
2025-10-12 04:36:08,4,majala,Phone
2025-10-12 02:47:16,4,Good,Phone
2025-10-12 01:26:12,5,good,Phone
2025-10-11 13:29:59,5,barry so myat,Phone
2025-10-11 12:54:33,5,khaing zin,Phone
2025-10-11 12:10:38,1,Why are there ads? It is a bank app for god sake. Please remove advertisements.,Phone
2025-10-11 12:02:13,5,good,Phone
2025-10-11 09:35:57,5,my like,Phone
2025-10-10 07:57:13,5,good,Phone
2025-10-10 06:18:30,5,good,Phone
2025-10-10 06:09:46,5,Simple is good.,Phone
2025-10-10 05:53:20,5,good,Phone
2025-10-10 04:51:29,1,KPay market seller cancelled my order reason being ?Stock out? and yet still on seller listing even after cancellation. I'm starting to think seller hate discount coupon. This is ruining the thadingyut spirit!,Phone
2025-10-10 04:19:40,5,good,Phone
2025-10-10 03:52:11,5,it's good,Phone
2025-10-09 18:50:00,5,good,Phone
2025-10-09 18:22:59,5,Ok,Phone
2025-10-09 17:50:45,5,like,Phone
2025-10-09 13:59:23,5,Yingyou Lve,Phone
2025-10-09 12:30:51,5,good,Phone
2025-10-09 12:22:23,4,Best popular vote,Tablet
2025-10-09 08:42:33,5,??????????????????????,Phone
2025-10-09 07:15:47,5,good,Phone
2025-10-09 05:17:19,5,not bad!,Phone
2025-10-09 04:27:41,5,p›kˆm¢¤,Phone
2025-10-09 03:56:33,5,SAIAUNGMURNG,Phone
2025-10-09 03:37:36,5,k pay,Phone
2025-10-09 02:52:51,5,good,Phone
2025-10-09 00:38:33,1,good application,Phone
2025-10-08 17:29:52,5,GoodMoney,Phone
2025-10-08 16:38:40,5,good,Tablet
2025-10-08 15:08:51,5,ok very good,Phone
2025-10-08 11:49:34,5,?????,Phone
2025-10-08 10:27:26,5,myo,Phone
2025-10-08 09:13:27,5,????????????,Phone
2025-10-08 05:35:04,5,????????,Phone
2025-10-08 05:03:24,5,Ok,Phone
2025-10-08 03:45:56,5,good,Phone
2025-10-08 03:28:38,5,good application,Phone
2025-10-08 00:58:31,1,??????????????????????????????????????????????????????????,Phone
2025-10-07 23:09:18,5,Good,Phone
2025-10-07 22:08:37,5,Good,Phone
2025-10-07 21:57:43,5,ok,Tablet
2025-10-07 16:11:39,5,it is so useful,Phone
2025-10-07 14:43:10,5,so smart style of mobile and check out,Phone
2025-10-07 14:32:54,5,ThantZin Htwe,Phone
2025-10-07 13:50:39,1,"Bad QoS service, even cannot participate in Thadingyut event. The events are like seductive events. I get only 1200 MMK in this event.",Phone
2025-10-07 13:45:49,1,poor connection..,Phone
2025-10-07 13:36:34,1,??????????? ??????????????? ????????????????,Phone
2025-10-07 13:35:36,1,"so many bugs,lags and traffic errors",Phone
2025-10-07 13:30:29,5,good,Phone
2025-10-07 13:25:09,5,verry good.,Phone
2025-10-07 08:10:25,5,Goog,Phone
2025-10-07 06:09:56,5,nice,Phone
2025-10-07 05:29:58,5,good,Phone
2025-10-07 03:42:07,3,easy,Phone
2025-10-07 03:17:43,5,good pay,Tablet
2025-10-07 03:11:54,1,l cant even open the account,Phone
2025-10-07 02:51:57,5,good good,Phone
2025-10-06 16:44:21,5,ok,Phone
2025-10-06 16:24:53,5,good,Phone
2025-10-06 14:25:46,1,bad,Phone
2025-10-06 13:45:19,1,it so many error and so bad connection. it cannot solve our problem of their app error.,Phone
2025-10-06 13:37:19,5,good,Tablet
2025-10-06 13:23:26,4,Useful to get app,Phone
2025-10-06 12:43:12,5,Myanmar on the world,Phone
2025-10-06 11:54:51,5,????,Tablet
2025-10-06 11:46:21,5,draws,Phone
2025-10-06 11:13:45,5,Good,Tablet
2025-10-06 09:55:55,5,I like is it,Tablet
2025-10-06 09:09:45,5,currently so smooth,Phone
2025-10-06 08:50:10,5,I like this app,Phone
2025-10-06 07:29:25,2,good KBZ pay,Tablet
2025-10-06 06:58:59,5,Ok,Phone
2025-10-06 06:40:34,5,like,Tablet
2025-10-06 06:25:49,4,????????????????? ??????????????????????,Phone
2025-10-06 06:14:22,5,ok,Tablet
2025-10-06 03:54:19,5,good,Phone
2025-10-06 03:43:32,5,Good,Phone
2025-10-06 03:21:53,5,Easy to transfer the cash each and every account.,Phone
2025-10-06 03:08:44,5,Good,Phone
2025-10-06 02:16:01,5,good,Phone
2025-10-05 21:35:06,5,?????,Phone
2025-10-05 17:26:35,5,ok,Phone
2025-10-05 16:30:39,5,Good,Phone
2025-10-05 14:43:17,5,It is convenient to use.,Tablet
2025-10-05 14:03:35,5,Good,Phone
2025-10-05 13:43:40,5,Good,Phone
2025-10-05 12:08:35,5,Good,Phone
2025-10-05 11:43:58,5,??????????????????,Phone
2025-10-05 11:31:37,5,Like,Phone
2025-10-05 10:45:39,5,Kpz pin,Phone
2025-10-05 10:43:42,5,good,Phone
2025-10-05 06:26:14,5,good,Phone
2025-10-05 05:22:12,5,very good,Phone
2025-10-05 04:22:47,5,good,Phone
2025-10-05 04:16:45,3,Hhoo rymcnm,Phone
2025-10-05 04:05:52,5,good,Phone
2025-10-05 03:28:06,5,"It would be frustrating to have to go to the bank to log in with a new phone because our phone is broken. Instead, it would be better to have our account scanned using a facial recognition method.",Phone
2025-10-05 00:25:40,5,Good,Phone
2025-10-04 16:54:42,5,Good ..,Tablet
2025-10-04 15:00:23,5,good,Tablet
2025-10-04 14:14:06,5,nice app,Phone
2025-10-04 14:06:10,1,kmkl kpay,Phone
2025-10-04 13:40:33,2,No update .No service. No top up.I have money in my account but I do no get top up .,Phone
2025-10-04 13:37:36,5,This App So Good For Use.,Phone
2025-10-04 13:23:20,5,goort mane,Phone
2025-10-04 13:19:50,5,"For me , everything is Ok whem I'm with KBZPay.",Phone
2025-10-04 12:51:28,5,Redmi A5,Phone
2025-10-04 05:39:29,5,goodLuck Me,Phone
2025-10-04 03:18:03,1,Bad connection,Phone
2025-10-04 02:53:25,5,??????????????????,Phone
2025-10-03 18:07:55,5,good,Tablet
2025-10-03 13:42:07,5,4years,Phone
2025-10-03 10:21:17,5,good,Phone
2025-10-03 07:37:06,5,nice,Phone
2025-10-03 06:18:49,5,Good,Phone
2025-10-03 01:02:25,5,good software,Phone
2025-10-03 00:18:07,5,good,Phone
2025-10-03 00:06:03,5,very good kaypay,Tablet
2025-10-02 17:47:07,4,good,Phone
2025-10-02 17:04:51,5,ok,Phone
2025-10-02 15:38:35,5,good,Phone
2025-10-02 15:09:21,5,good,Phone
2025-10-02 15:06:21,5,Thinkyou KBZ PAY,Phone
2025-10-02 10:02:21,5,good,Phone
2025-10-02 10:00:53,3,Mytel Fiber Internet ???? ????????????????? ????????????,Phone
2025-10-02 09:34:56,5,like,Phone
2025-10-02 09:26:52,4,nice,Phone
2025-10-02 09:08:07,5,very good and safe.,Phone
2025-10-02 07:42:27,5,good,Phone
2025-10-02 07:22:29,5,Good,Phone
2025-10-02 04:57:45,5,Good,Phone
2025-10-02 04:48:17,4,ok,Phone
2025-10-02 04:44:45,5,good,Phone
2025-10-02 04:22:21,5,good,Tablet
2025-10-01 16:38:40,1,Bad customer service !!! Worst application !!!,Tablet
2025-10-01 16:25:38,5,ok,Phone
2025-10-01 15:56:47,5,everything ok! I like this app,Phone
2025-10-01 15:27:50,5,Good,Phone
2025-10-01 15:19:55,2,???????? ???????????? ????????? k pay ??????????????????? ?,Phone
2025-10-01 14:48:22,1,????????? version ? error ????????????????????????? ????????????????????????????????? ????????????Oppo A18 android version 15? customer service ??? ??????????????????????????????????????? ??????????? version ?????????? ????????????????????????????????????? ?????????????????,Phone
2025-10-01 09:32:54,5,good,Phone
2025-10-01 07:36:46,5,Sai Nyan Lin Hter,Phone
2025-10-01 07:19:23,5,Very good,Phone
2025-10-01 06:47:16,5,good,Phone
2025-10-01 05:01:22,1,??????????????? ????????????????? ??? ???????????????????????,Phone
2025-10-01 03:01:54,5,useful,Tablet
2025-10-01 02:47:48,4,wer,Tablet
2025-10-01 00:45:40,5,good app,Tablet
2025-09-30 23:12:11,5,very good,Phone
2025-09-30 22:02:30,5,ok,Phone
2025-09-30 17:58:45,5,good thank,Phone
2025-09-30 16:38:55,5,Very good,Phone
2025-09-30 16:38:43,5,kpay is convenient to use it is safe and secure.I like it very much,Phone
2025-09-30 16:23:32,5,good,Phone
2025-09-30 15:54:20,5,Very good app for my business.,Phone
2025-09-30 15:42:12,1,Pin ??????????? acc????????????????????????????????????????????????????????,Phone
2025-09-30 14:36:38,5,??????????????????? ???????? ??????? ???? ??????????????,Tablet
2025-09-30 14:06:20,5,good,Phone
2025-09-30 13:55:23,4,"Why can't I change my phone number in the kbz pay account it's difficult but it's an amazing app, everything is fine but only one thing",Tablet
2025-09-30 13:19:39,5,thank you,Phone
2025-09-30 12:48:37,5,nice,Phone
2025-09-30 09:06:09,5,Kpay acc???Banking????????????????????????????????????????????????????????????????????,Phone
2025-09-30 07:11:55,5,Verygood,Phone
2025-09-30 05:54:13,4,so good for me,Phone
2025-09-30 05:33:53,5,good,Phone
2025-09-30 05:27:09,5,good,Phone
2025-09-30 03:16:39,5,"fairness, harmony, useful for everyone",Phone
2025-09-30 01:16:35,5,Better,Phone
2025-09-29 23:30:20,5,what?love,Phone
2025-09-29 21:56:57,4,ok,Phone
2025-09-29 08:05:30,1,good apk,Phone
2025-09-29 06:38:08,5,good,Phone
2025-09-29 05:16:41,5,good,Phone
2025-09-29 04:18:41,4,Good,Phone
2025-09-29 02:48:23,5,Good,Phone
2025-09-28 13:44:46,5,good,Phone
2025-09-28 13:26:31,5,good,Phone
2025-09-28 07:20:45,5,It's very useful and very beneficial for people. May it improve even more.,Phone
2025-09-27 16:02:54,5,give me,Phone
2025-09-27 11:38:55,5,Thanks for Everything,Phone
2025-09-27 10:56:42,1,sms code,Tablet
2025-09-27 10:48:20,5,good,Phone
2025-09-27 10:05:19,5,likes,Phone
2025-09-27 08:30:01,5,App good,Phone
2025-09-27 08:22:28,5,rating,Phone
2025-09-27 07:09:15,5,ok,Phone
2025-09-27 05:11:47,3,Very bad banking service...,Phone
2025-09-27 01:36:17,1,??????????????? ??????????????????????????? ???????????????????????????? ?????????????????? ?????????? ???????????????????????????????? ??????? ?????????????????????????????????????????????? ?????????????? ???????????????????????????????????? ?????????????????????????????????????????????? ????????????????????????????????????? ????????????????? ????????????????????? ?????????????????????? ???????????????????????????? ????????????????????????,Phone
2025-09-26 21:00:18,5,Thanks you.,Tablet
2025-09-26 16:59:30,5,?????????????,Phone
2025-09-26 15:05:21,5,so good,Phone
2025-09-26 12:06:23,5,good,Phone
2025-09-26 09:40:46,5,Good,Phone
2025-09-26 09:24:24,5,Good,Phone
2025-09-26 09:10:05,5,Nice app for office staff,Phone
2025-09-26 08:22:29,1,k.pay ayee,Phone
2025-09-26 07:03:40,5,Goog,Tablet
2025-09-26 03:10:58,5,fjfi,Phone
2025-09-25 17:34:13,5,k pay,Phone
2025-09-25 16:22:09,5,very night,Phone
2025-09-25 15:02:50,5,good,Phone
2025-09-25 13:57:26,5,Good,Tablet
2025-09-25 03:36:47,1,I can't scan.,Phone
2025-09-25 02:37:50,5,good,Tablet
2025-09-25 00:48:38,5,Very Good,Phone
2025-09-24 19:17:58,5,nice KBZPay,Tablet
2025-09-24 13:54:23,5,cool app,Phone
2025-09-24 13:02:20,2,ggod,Tablet
2025-09-24 11:53:13,5,the best app,Phone
2025-09-24 11:43:46,5,"K.B.Z.PAY APPLICATION """"""",Phone
2025-09-24 10:56:14,5,K pay ??? login ???? Forget password ??????????????????,Phone
2025-09-24 07:20:15,5,no good,Phone
2025-09-24 02:45:29,4,Easy to use but I felt not hundred percent safe,Phone
2025-09-24 02:14:04,5,I like this KBZpay,Phone
2025-09-23 23:05:24,5,AungMyatKyaw,Phone
2025-09-23 17:25:44,3,please,Phone
2025-09-23 14:14:58,5,ok,Phone
2025-09-23 08:18:34,5,Good appp,Phone
2025-09-23 06:27:32,5,kpay app installer,Tablet
2025-09-23 03:52:41,5,Amazing,Phone
2025-09-23 02:34:38,5,Good,Phone
2025-09-22 16:15:56,5,App better,Phone
2025-09-22 14:37:11,5,???????????????????????????,Phone
2025-09-22 10:03:47,5,very good,Phone
2025-09-22 07:17:55,1,"scam app I brought steam gift card, and they gave me an already used card twice.i tell this to the kpay support and they did nothing just scammed money.Most scam people use this app and kpay did nothing to stop the scarm.please use other app this app is easy to use but it have so many problems.",Phone
2025-09-21 20:31:08,4,very good,Phone
2025-09-21 18:56:05,4,Red mi 7A,Tablet
2025-09-21 12:13:34,5,very good,Phone
2025-09-21 09:10:55,5,very good,Phone
2025-09-21 03:53:55,5,ok,Phone
2025-09-21 03:00:19,5,gooood????,Phone
2025-09-21 02:28:31,5,good app,Phone
2025-09-20 22:25:33,5,kbz???acc?? kpay acc ????????????????????????,Phone
2025-09-20 16:55:00,1,good,Phone
2025-09-20 16:16:28,5,good app,Phone
2025-09-20 14:18:09,5,yuyu,Phone
2025-09-20 13:41:28,5,Easy to use and can use anywhere,Phone
2025-09-20 09:41:27,5,Very safe and easy to use,Tablet
2025-09-20 02:41:20,5,good,Phone
2025-09-19 17:57:20,1,Ok,Phone
2025-09-19 15:19:01,5,Good,Phone
2025-09-19 15:00:27,5,Thinkyou,Phone
2025-09-19 14:53:18,5,good,Phone
2025-09-19 09:42:34,5,ok,Phone
2025-09-19 06:26:27,4,i like it,Phone
2025-09-19 06:24:27,4,Great,Phone
2025-09-19 03:05:13,5,good,Phone
2025-09-19 02:17:04,5,Unreliable,Phone
2025-09-18 23:56:02,5,good,Phone
2025-09-18 23:52:14,5,Chitchit,Tablet
2025-09-18 14:08:11,5,good,Tablet
2025-09-18 14:03:33,5,very nice,Tablet
2025-09-18 12:42:04,5,Sai Kham Pan,Phone
2025-09-18 12:39:30,5,ok,Phone
2025-09-18 10:46:23,5,ok,Phone
2025-09-17 16:28:42,5,??????,Phone
2025-09-17 14:40:46,5,good job,Phone
2025-09-17 14:22:53,5,???????????????,Phone
2025-09-17 12:51:53,4,OK,Phone
2025-09-17 09:13:02,5,app download,Phone
2025-09-17 07:24:22,5,good,Phone
2025-09-17 00:46:09,5,Ok good,Phone
2025-09-17 00:39:39,5,I can't download,Tablet
2025-09-17 00:13:33,5,good,Phone
2025-09-16 19:38:37,5,Daw Lay Lay Myint,Phone
2025-09-16 19:30:40,5,I can't google play store update.,Tablet
2025-09-16 13:56:51,5,good,Tablet
2025-09-16 10:23:39,5,Slots oF Vegas.but,Phone
2025-09-16 02:20:11,1,unnecessary security update,Phone
2025-09-16 00:50:48,5,????,Phone
2025-09-16 00:36:30,5,very good,Phone
2025-09-15 19:49:09,5,better,Phone
2025-09-15 19:02:01,5,ok,Phone
2025-09-15 16:08:00,5,shwezinkhaing,Phone
2025-09-15 15:40:31,5,Good,Phone
2025-09-15 13:16:32,4,good,Phone
2025-09-15 10:36:45,5,good,Phone
2025-09-15 08:01:45,5,???????????????????????? k pay ??? ?????????????????,Phone
2025-09-15 04:08:09,5,good,Phone
2025-09-14 22:21:21,5,stu,Tablet
2025-09-14 14:30:31,5,my heart,Phone
2025-09-14 13:29:44,5,????,Phone
2025-09-14 12:22:32,5,useful,Phone
2025-09-14 08:54:44,5,Hi good app,Phone
2025-09-14 06:43:43,5,good apk,Phone
2025-09-14 05:25:55,3,kpay??????????,Phone
2025-09-14 04:51:01,5,like,Phone
2025-09-14 04:49:18,5,?????? ??????? ???? KBZ ????? ?????????,Phone
2025-09-14 04:38:15,1,Good,Phone
2025-09-14 04:38:02,5,Yar Mu,Phone
2025-09-14 03:49:56,1,"No secure data,a lot o people lost their money from app, and no responsibility.",Tablet
2025-09-14 02:57:38,5,verygoood,Tablet
2025-09-14 02:41:21,5,okokgood,Phone
2025-09-14 02:35:27,5,My went level 2,Phone
2025-09-13 16:56:18,5,open KBZ,Phone
2025-09-13 14:54:48,5,ok,Phone
2025-09-13 14:40:54,5,pkku,Phone
2025-09-13 10:20:54,5,Happy,Phone
2025-09-13 02:06:38,5,like this app,Phone
2025-09-13 01:58:07,5,good,Phone
2025-09-13 00:48:40,5,goog,Phone
2025-09-12 14:46:02,5,?????????????,Phone
2025-09-12 13:52:55,5,good,Phone
2025-09-12 06:25:48,5,???????????????,Phone
2025-09-12 02:00:25,5,"Easy to use and useful for purchasing. Thanks Kpay. edited: in this moment, when it was using, it appeared with next web browser in. it means, has two boxes in one app. please, check your software double for customers.",Phone
2025-09-11 15:22:47,5,very nice,Tablet
2025-09-11 12:12:47,3,Thank you.,Phone
2025-09-11 08:20:13,5,good,Phone
2025-09-11 07:44:32,4,ees,Phone
2025-09-11 06:45:47,5,good,Phone
2025-09-11 06:36:43,4,bissnauss,Phone
2025-09-11 03:17:30,3,Suck,Phone
2025-09-11 00:00:36,5,Good,Phone
2025-09-10 15:50:27,5,Learn more,Phone
2025-09-10 12:45:20,5,ok good.,Phone
2025-09-10 11:43:54,5,l like this,Tablet
2025-09-10 10:46:34,5,Ok,Phone
2025-09-10 09:13:42,5,good,Phone
2025-09-10 09:07:06,5,good,Phone
2025-09-10 07:17:49,5,i went to use tis app,Phone
2025-09-10 07:01:50,5,very good,Phone
2025-09-10 01:20:26,5,Very good kpz pay,Phone
2025-09-09 19:01:19,5,Pay,Phone
2025-09-09 15:39:16,5,good,Phone
2025-09-09 14:53:46,5,SoeLinAung,Phone
2025-09-09 13:39:36,5,Good app,Phone
2025-09-09 10:27:53,3,"Safe ,easy and many type of payment method.",Tablet
2025-09-09 07:33:20,5,Yeah baby,Tablet
2025-09-09 06:03:15,5,mg mg lwin,Tablet
2025-09-09 05:19:37,5,I like it,Tablet
2025-09-09 01:55:10,5,ok,Tablet
2025-09-08 18:35:15,5,give me,Phone
2025-09-08 17:59:36,5,good,Phone
2025-09-08 14:36:50,5,good,Phone
2025-09-08 12:21:15,5,saiwanathu,Phone
2025-09-08 10:58:38,5,good,Phone
2025-09-08 06:43:56,5,good,Phone
2025-09-08 06:26:56,1,KBZ pay is safe for transferring. And it is useful App.,Phone
2025-09-08 03:36:39,5,good,Phone
2025-09-07 16:51:46,5,So good,Phone
2025-09-07 14:27:56,5,Verry Verry Good,Phone
2025-09-07 09:30:13,3,It totally good for users to use.,Phone
2025-09-07 04:26:24,5,good luck,Tablet
2025-09-07 02:06:38,5,ok,Tablet
2025-09-07 01:45:27,5,Goog,Phone
2025-09-06 17:49:11,5,ok,Phone
2025-09-06 15:51:28,1,Good,Phone
2025-09-06 15:51:13,5,nice Myanmar,Phone
2025-09-06 15:28:49,5,aung khant,Phone
2025-09-06 14:33:34,5,good,Tablet
2025-09-06 11:12:36,4,???????????????????????????,Phone
2025-09-06 10:39:43,4,not bad,Tablet
2025-09-06 04:29:32,4,good,Tablet
2025-09-06 02:20:24,5,Thanks you,Phone
2025-09-06 01:32:33,5,GOOD,Tablet
2025-09-06 01:26:06,5,kop,Phone
2025-09-06 00:25:34,5,acc??????????,Phone
2025-09-05 21:32:15,5,ok,Phone
2025-09-05 15:25:07,5,good,Phone
2025-09-05 14:26:26,2,?????????????????????,Tablet
2025-09-05 04:37:46,5,Min khant koko,Phone
2025-09-04 14:12:09,1,???????????,Tablet
2025-09-04 13:21:38,5,good,Phone
2025-09-04 12:45:33,5,Talking,Phone
2025-09-04 12:39:41,5,usefull app for me.,Phone
2025-09-04 09:21:22,5,Kbz pay app????down???????????????,Phone
2025-09-04 09:10:54,1,Customer service ??? ???????????????? ?? ?????????? ????????????,Phone
2025-09-04 08:23:05,5,ok,Phone
2025-09-04 07:07:08,5,easy for everyone,Phone
2025-09-04 07:02:48,5,Best,Phone
2025-09-04 04:32:58,1,?????????????????? customer service ??????????,Tablet
2025-09-04 02:05:08,3,good,Phone
2025-09-03 14:30:43,5,????????????????,Phone
2025-09-03 14:10:54,5,So Good,Phone
2025-09-03 12:55:05,5,okokok okokok,Tablet
2025-09-03 12:18:03,5,account ???????????????,Phone
2025-09-03 04:22:24,5,ok,Phone
2025-09-03 01:54:14,5,?????????,Phone
2025-09-02 23:56:05,5,good good??????????,Phone
2025-09-02 15:02:45,1,Sansung,Tablet
2025-09-02 04:35:20,3,This app is easy to use when my wifi connection strong. I like this app.,Phone
2025-09-02 03:37:06,5,I like that it.,Phone
2025-09-02 01:38:56,5,good rights,Phone
2025-09-02 01:29:56,4,good,Phone
2025-09-02 00:58:54,5,good services,Phone
2025-09-01 16:03:17,5,??????,Phone
2025-09-01 05:55:44,5,???????????,Phone
2025-08-31 10:29:17,5,I love it,Phone
2025-08-31 10:17:02,5,good,Phone
2025-08-31 06:21:34,5,ok,Phone
2025-08-30 14:41:25,5,Help me my acc,Phone
2025-08-30 14:24:23,5,like,Phone
2025-08-30 14:09:39,5,good app,Phone
2025-08-30 10:26:44,5,good,Tablet
2025-08-30 07:18:04,5,good,Tablet
2025-08-30 02:57:44,5,good,Tablet
2025-08-29 15:45:25,5,ok,Tablet
2025-08-29 14:33:49,5,?????????,Tablet
2025-08-29 13:08:22,5,use,Phone
2025-08-29 08:23:04,3,Kpay call center ??????? ?????? ?? ?? ??? ???????????? customer ?????????????????? ?????????????????????????????? ??????????????? (????????????????? customer ????? ???????????????? ??????? ) customer ?????????? ???????? token??????? ??? ??????????? / ??????????? customer ??? ??????????????????? ???????? customer ?? ??????????????????????????????? ?????????????????? (29-8-2025),Phone
2025-08-29 04:35:15,5,op,Phone
2025-08-29 03:57:50,4,not bad,Phone
2025-08-29 03:25:29,5,why login,Phone
2025-08-29 02:58:04,5,myo thu,Phone
2025-08-29 02:49:05,5,ok,Phone
2025-08-28 18:41:41,5,??????????????,Phone
2025-08-28 14:49:41,5,good,Phone
2025-08-28 11:20:05,5,come,Phone
2025-08-28 10:20:36,5,good,Phone
2025-08-28 08:08:32,5,Reviews are public and clear and Rate This apps,Phone
2025-08-28 06:26:16,4,this device no root,Phone
2025-08-28 04:58:24,5,Thant zin tun,Phone
2025-08-28 03:46:23,5,AungMyoZaw,Phone
2025-08-27 17:43:48,5,lee roots?,Phone
2025-08-27 17:21:50,4,kyawthiha,Phone
2025-08-27 10:17:52,5,How are you?I am fine too. My name is MgMg.My father name is Oo Mya and my mother name is Daw Hla.,Phone
2025-08-27 08:46:52,5,like,Phone
2025-08-27 08:02:56,5,Thanks so much. This App is so nice.,Phone
2025-08-27 07:50:07,5,i like this,Tablet
2025-08-27 06:52:25,5,Ok,Phone
2025-08-27 05:18:02,5,Save and easy to use almost people.,Phone
2025-08-26 15:21:36,5,good job,Phone
2025-08-26 15:02:32,2,good,Phone
2025-08-26 14:31:26,5,good,Phone
2025-08-26 13:03:23,5,kbzpay is very good.,Phone
2025-08-25 08:51:51,1,Low Security,Phone
2025-08-25 07:11:08,5,Good,Phone
2025-08-25 06:19:01,3,good,Phone
2025-08-24 23:08:00,5,so good,Tablet
2025-08-24 16:48:05,5,not bad,Phone
2025-08-24 16:01:43,5,Lieybey 3,Phone
2025-08-24 15:25:35,1,?????????????????customer service ??????????????????????????????? kbz pay app????? X box gift card????? code ?????????????????messenger?????? ????????????????????? email ????????? email???????? ?????????? ?????????????????cutomer service ???lee app,Phone
2025-08-24 12:21:22,5,that pretty good for money,Phone
2025-08-24 04:54:38,5,ok,Phone
2025-08-24 01:37:13,4,ok,Phone
2025-08-23 16:21:06,1,Need to use Dark Mode such other wallet app.,Phone
2025-08-23 14:11:47,5,thank good,Phone
2025-08-23 12:19:54,5,thank,Phone
2025-08-23 10:29:37,5,5stars,Phone
2025-08-23 05:30:02,5,???????????,Phone
2025-08-23 04:07:32,5,Best,Tablet
2025-08-23 02:24:59,5,ok,Phone
2025-08-22 18:22:49,5,good,Phone
2025-08-22 16:15:50,5,"Good.. but Problem my acc is hacker like! I don't know about that,now i not money! C u... kbz",Phone
2025-08-22 14:32:37,1,???????????kpay??????????????????????????????????????????3211????????????????????????????????????????????????????????????????????????????????????????????????????????????????????????????????????????????????????????????,Phone
2025-08-22 10:30:00,1,poor service,Phone
2025-08-22 09:54:26,5,i like kbzpay,Phone
2025-08-21 15:11:25,5,good,Phone
2025-08-21 14:29:34,5,kpay app,Phone
2025-08-21 13:56:51,5,The Best Pay .,Phone
2025-08-21 12:53:59,5,good,Phone
2025-08-21 10:51:32,5,great,Phone
2025-08-21 09:40:01,5,Kpay innstall app,Phone
2025-08-21 09:37:54,5,I like,Phone
2025-08-21 09:34:13,4,Thank you.,Tablet
2025-08-21 07:47:30,5,I like,Phone
2025-08-21 07:28:32,5,good,Phone
2025-08-21 07:27:50,5,good,Phone
2025-08-21 07:19:47,5,Good. but unsave app,Phone
2025-08-21 07:18:07,5,I consider it to be one of the best banks.,Phone
2025-08-21 07:16:05,5,thank kpay working is good,Phone
2025-08-21 07:01:11,4,perfect,Tablet
2025-08-21 06:54:20,5,I love KBZ Pay app,Phone
2025-08-21 00:51:28,5,good,Phone
2025-08-20 16:14:35,5,good,Tablet
2025-08-20 13:36:11,1,i can't use this application,Phone
2025-08-20 03:36:00,5,Best,Tablet
2025-08-20 00:24:48,5,Like,Tablet
2025-08-19 19:45:58,5,so good,Phone
2025-08-19 18:12:48,5,good,Phone
2025-08-19 14:38:21,5,?????????,Tablet
2025-08-19 13:04:03,5,Ok??,Phone
2025-08-19 13:01:05,5,ok,Tablet
2025-08-19 09:05:19,5,I love,Phone
2025-08-19 03:33:55,1,Can't install on my Poco Tablet,Tablet
2025-08-19 03:33:26,3,not bad,Phone
2025-08-19 02:29:40,5,Thank,Phone
2025-08-19 02:29:17,1,login ????????? ?????????????????????????????,Phone
2025-08-18 18:37:05,4,nice app,Phone
2025-08-18 15:22:46,5,????????????,Phone
2025-08-18 15:14:54,1,the latest version seems that it is not be available to all devices..,Phone
2025-08-17 16:55:14,5,gooooooood,Phone
2025-08-17 14:18:44,5,very good,Phone
2025-08-17 12:40:54,5,good,Tablet
2025-08-17 09:23:56,5,so good,Phone
2025-08-17 05:39:13,5,"I like this app, because it help me to save money for the future.",Phone
2025-08-17 03:06:11,5,good,Phone
2025-08-16 21:41:42,5,?????,Phone
2025-08-16 19:58:04,5,ok,Phone
2025-08-16 08:41:06,5,good,Phone
2025-08-16 06:59:14,1,I have been sending my phone number and you don't even give me code!?,Phone
2025-08-16 06:50:04,5,good,Phone
2025-08-16 06:43:40,5,good,Phone
2025-08-16 06:19:30,5,Good,Phone
2025-08-16 02:57:24,1,???,Phone
2025-08-16 02:51:55,5,This app is so good for use,Phone
2025-08-16 00:58:32,5,Good,Phone
2025-08-15 16:38:10,5,good,Phone
2025-08-15 13:37:41,5,good,Tablet
2025-08-15 07:28:00,5,Good,Tablet
2025-08-14 06:00:56,5,good,Phone
2025-08-14 02:39:31,5,good,Phone
2025-08-13 20:35:24,5,ok,Phone
2025-08-13 17:54:55,5,so good,Phone
2025-08-13 17:26:21,5,??????????????????????? ????????????????????????????????????????????????? ???????????????????????????????????????????????????????? ???????? app ????????????? ????????????????????? ?????????????????????????,Phone
2025-08-13 11:10:01,5,very very good,Phone
2025-08-13 10:55:44,5,good,Phone
2025-08-13 09:43:26,5,ok,Phone
2025-08-13 07:07:04,5,thank you. l cannot use kBZPay because my kBZPay is lock help me,Phone
2025-08-13 06:33:06,5,why my phonevshortuted,Phone
2025-08-13 06:12:40,5,ye naing,Tablet
2025-08-13 04:57:14,5,good,Phone
2025-08-13 03:50:06,5,i think it so good,Phone
2025-08-12 08:46:06,5,Ok,Phone
2025-08-12 07:51:17,5,very very good,Phone
2025-08-12 02:32:17,5,Good,Phone
2025-08-12 00:34:36,5,very good,Phone
2025-08-12 00:23:08,5,good,Tablet
2025-08-11 17:40:58,4,good,Phone
2025-08-11 13:13:31,5,good,Phone
2025-08-11 10:25:11,5,Good,Phone
2025-08-11 09:49:08,5,Ok,Phone
2025-08-11 09:35:53,5,good,Phone
2025-08-11 09:00:50,1,???????????????,Phone
2025-08-11 07:27:39,1,A lot of error when buying gift cards.Don't sent code or sent the code that has already been used. Even when I contact custom service no one reply. Even Game customer service are availabe 24/7 but this app? This app has customer service that is 24/7 UNAVAILABLE,Phone
2025-08-11 07:23:52,5,very good,Phone
2025-08-11 06:29:32,5,good,Phone
2025-08-10 18:51:12,5,ok,Phone
2025-08-10 14:57:34,5,Okpl,Phone
2025-08-10 13:59:44,1,L33 ??????????????? ??????????????? ?????????? error ??????,Phone
2025-08-10 11:35:32,5,useful app,Phone
2025-08-10 10:23:10,5,good app,Phone
2025-08-10 09:37:45,5,good,Phone
2025-08-10 08:42:33,5,good,Tablet
2025-08-10 07:26:22,5,better,Tablet
2025-08-10 06:10:19,4,useful,Phone
2025-08-10 00:16:00,5,that apk is safe for our money goog good good good good good good good good,Phone
2025-08-09 17:30:50,5,good,Phone
2025-08-09 16:45:14,5,Good pay methods and money easy currency of Myanmar,Phone
2025-08-09 11:26:43,1,Did this app just scammed me? I recharged 30k into my SIM card balance and it's nowhere to be found.,Phone
2025-08-08 16:25:41,5,ok,Phone
2025-08-08 12:38:54,5,good,Phone
2025-08-08 12:33:56,1,noti ??? ????????????? ????????????????????? ?????????????? transition ??????? ??????????????????? ??????????? ?????????????? ???????? noti ????? ????????,Phone
2025-08-08 05:07:29,5,ok,Phone
2025-08-08 03:13:25,5,Theinzaw,Phone
2025-08-08 02:50:21,1,Unreliable! never took responsibility for those who lost their money in device switch and they also lack security!,Tablet
2025-08-07 16:53:42,5,good,Tablet
2025-08-07 16:51:58,5,Good,Tablet
2025-08-07 15:26:56,5,good,Phone
2025-08-07 13:53:48,5,verry good app,Phone
2025-08-07 08:06:10,5,use ful,Phone
2025-08-07 07:25:18,5,good,Phone
2025-08-07 07:11:45,5,ok,Phone
2025-08-07 05:12:56,5,?????????,Phone
2025-08-07 03:37:25,5,very,Phone
2025-08-07 02:39:20,5,happy,Phone
2025-08-06 19:12:07,5,Verry good,Tablet
2025-08-06 18:50:39,5,good,Phone
2025-08-06 09:15:25,5,nice app,Tablet
2025-08-06 05:49:30,5,For me Ok,Phone
2025-08-06 04:40:04,5,okk,Phone
2025-08-06 04:39:26,5,good,Phone
2025-08-05 23:40:20,3,Good,Phone
2025-08-05 16:43:32,5,good,Phone
2025-08-05 14:31:23,5,ok,Phone
2025-08-05 14:12:00,5,save,Phone
2025-08-05 11:29:36,5,good,Phone
2025-08-05 11:20:06,4,Useful application,Phone
2025-08-05 07:04:19,4,"If KBZ Pay has an option to verify from viber, I would love to give five stars. For now, I can't even log in to my own account because of signal lost.",Phone
2025-08-05 06:25:26,5,like,Phone
2025-08-05 05:27:20,5,good,Phone
2025-08-05 01:33:52,5,nice apk,Phone
2025-08-05 01:22:19,5,good,Phone
2025-08-04 18:10:03,5,very good,Phone
2025-08-04 16:48:26,5,thank,Phone
2025-08-04 15:44:47,5,regular,Phone
2025-08-04 14:52:17,5,Ok,Phone
2025-08-04 11:39:45,5,best,Phone
2025-08-04 09:45:19,3,Worst App And Worst Services,Phone
2025-08-04 06:29:52,5,nice,Phone
2025-08-04 06:02:16,5,good,Tablet
2025-08-03 20:23:24,5,nice,Phone
2025-08-03 18:13:14,1,bad update.log in difficult.,Phone
2025-08-03 15:36:29,5,nice and useful application for us.,Phone
2025-08-03 12:08:53,2,it is usefull,Phone
2025-08-03 11:30:38,2,Hi! I would like to report sth.I haven't used this acc for a couple of days and when I open this app it showed I need to put my pin.and all to login from the very start.I have everything needed for my login but not the 'Pin' I forgot what number are and forget to screenshot it .Pls help me login to my acc.,Phone
2025-08-03 09:34:33,5,My KBZ Update level...?,Phone
2025-08-03 07:03:11,5,good app,Phone
2025-08-02 11:55:59,5,This is my favorite app.,Tablet
2025-08-02 11:16:32,5,useful application,Phone
2025-08-02 06:56:24,5,good,Phone
2025-08-02 04:55:29,1,K pay service ??? ?????????????????????? ???????????,Phone
2025-08-02 04:22:03,1,???????????? ???????????????????????? Transction message ??? ???????????????? Version ???????????????? Scan ??????????????????????????????? ?????? ??????????????Version ???????????????????????????? Service ???????? ????????????????Promote ??????????????????Customer ????? ????????????????????????????????? ????????????????? Transction message ??? ????????????? Scan ???????????????? ????????? ???????????????????????,Phone
2025-08-02 03:20:57,5,good,Phone
2025-08-02 03:11:01,1,face photo error,Phone
2025-08-01 22:36:02,4,good but sometime delay,Phone
2025-08-01 16:21:12,5,good,Tablet
2025-08-01 12:19:33,5,Good,Phone
2025-08-01 10:03:24,5,good,Phone
2025-08-01 03:47:41,5,good jot,Phone
2025-08-01 00:01:42,5,nice,Phone
2025-07-31 20:09:19,5,good,Tablet
2025-07-31 18:08:51,2,it's too much steps to even change my pin!,Phone
2025-07-31 10:27:58,5,Soo good,Tablet
2025-07-31 09:08:47,5,like,Phone
2025-07-31 09:01:24,5,verygood,Tablet
2025-07-31 08:09:11,5,All right good. Than you KBZpay ??????????????????????????????????????????????????? ???????????????????????? ?????? 1 KBZpay ????????????? app ??????????????????????????? ????????????? ?????? 1 app ?? ???????????????????? ??????????????????????????,Phone
2025-07-31 04:58:10,5,kpay Up app plase,Tablet
2025-07-31 04:14:12,4,Sai Zar Ni,Phone
2025-07-31 04:11:49,5,thank,Phone
2025-07-31 03:15:24,5,good,Phone
2025-07-30 17:31:58,5,useful,Phone
2025-07-30 12:49:50,5,good,Phone
2025-07-30 04:52:32,5,good app,Phone
2025-07-29 17:33:45,5,Good Pay Ment,Phone
2025-07-29 12:15:33,3,close app quickly.,Phone
2025-07-29 08:40:25,5,I like this app,Phone
2025-07-29 07:21:31,5,good,Phone
2025-07-29 03:21:45,5,ok,Tablet
2025-07-28 16:47:43,5,Like!,Phone
2025-07-28 14:28:04,5,ok,Phone
2025-07-28 13:17:23,5,Good,Phone
2025-07-28 12:44:03,5,very unite to use,Phone
2025-07-28 08:44:12,2,????????????????,Phone
2025-07-28 07:18:25,1,SIM card ?????????????? ?????????????????????????????? ??????????????????????????? ?????????????????????????????????????????? ???????????? ??????????? Kpay ???????????????????????? sorry ??,Phone
2025-07-28 02:40:54,3,???????????????????????????????? ),Phone
2025-07-27 19:14:00,5,good,Tablet
2025-07-27 15:18:23,5,Good,Phone
2025-07-27 13:34:15,5,good,Phone
2025-07-27 08:34:19,5,excellent application,Phone
2025-07-27 06:55:47,5,learning,Phone
2025-07-27 06:07:44,5,good,Phone
2025-07-27 06:07:19,5,good,Phone
2025-07-26 15:36:00,5,Easy fill up my phone bill and take out money every where.,Phone
2025-07-26 09:58:09,5,good luck kpay,Phone
2025-07-26 05:46:48,4,Nice App,Phone
2025-07-25 09:49:19,5,good,Phone
2025-07-25 07:48:33,5,good,Tablet
2025-07-25 06:36:03,5,good KBZPay,Phone
2025-07-25 05:52:03,5,verygoods,Phone
2025-07-25 04:15:53,5,good KBZ,Phone
2025-07-24 12:17:27,5,ok thank,Phone
2025-07-24 11:18:18,5,The Best app,Phone
2025-07-24 09:53:33,5,Ok,Phone
2025-07-24 08:57:46,5,ok,Phone
2025-07-24 07:02:59,1,bad,Phone
2025-07-24 06:46:23,5,?????????????????,Phone
2025-07-24 06:44:36,5,Good,Phone
2025-07-24 06:02:36,5,best,Phone
2025-07-24 05:23:50,5,nice,Tablet
2025-07-23 23:31:02,5,good,Tablet
2025-07-23 16:58:08,5,good,Tablet
2025-07-23 12:56:14,5,good,Phone
2025-07-23 12:29:00,4,"I hope the development team can consider updating the UI to support edge-to-edge layout in future versions of the app for Android , as recommended by Google since Android 10.",Phone
2025-07-23 04:00:01,5,ok,Phone
2025-07-22 15:34:07,5,goodjob,Phone
2025-07-22 13:25:31,5,good app,Phone
2025-07-22 08:50:36,5,good,Phone
2025-07-22 08:31:31,4,???????????,Phone
2025-07-22 08:21:52,1,????????????????? KBZ ??,Phone
2025-07-22 05:17:07,5,goot,Phone
2025-07-22 05:14:00,1,like,Phone
2025-07-22 03:48:09,5,good apps,Tablet
2025-07-21 19:11:42,5,nice,Phone
2025-07-21 14:14:46,1,"The app is loaded with alots of stuffs like online shopping,games and movies,making it very slow and feel heavy to use. Moreover,after making a transection,the promo ads popup(spin?) is so annoying.It always redirect to that promo page without my any consent",Phone
2025-07-21 14:00:59,5,???????,Tablet
2025-07-21 10:02:04,5,??????????????????????????,Tablet
2025-07-21 09:21:56,5,very nice,Phone
2025-07-21 06:24:02,5,good,Phone
2025-07-20 19:50:30,5,phyoko,Phone
2025-07-20 16:03:23,5,??????????,Phone
2025-07-20 15:20:02,5,this app use verygood.,Phone
2025-07-20 14:59:34,5,Good,Phone
2025-07-20 10:15:38,5,like,Phone
2025-07-20 10:13:10,5,like,Phone
2025-07-20 05:14:15,1,??????????????????,Phone
2025-07-19 21:48:16,5,good,Phone
2025-07-19 17:14:41,5,????,Phone
2025-07-19 10:28:58,5,?????????? ?????????????????? ?????????? ??????? ?????????? ?????????????? ???????????????? ????????????? ?? ??????? ????????? ???????????????,Phone
2025-07-19 01:26:24,5,good app,Tablet
2025-07-18 13:41:27,5,good,Phone
2025-07-18 10:06:05,1,Ok,Phone
2025-07-18 03:14:13,5,Kpay is convenient.,Phone
2025-07-17 17:04:21,5,good,Phone
2025-07-17 14:56:28,5,My VIP,Phone
2025-07-17 13:10:46,4,??????????????????,Phone
2025-07-17 09:58:34,5,ok,Phone
2025-07-17 07:50:28,5,Good pro,Phone
2025-07-17 06:41:00,5,nice,Phone
2025-07-17 05:17:50,5,Good Kpay,Phone
2025-07-16 19:43:45,5,Good,Tablet
2025-07-16 16:33:01,5,I light this.,Tablet
2025-07-16 10:21:01,4,not bad,Phone
2025-07-16 05:55:58,5,ok,Phone
2025-07-16 01:01:38,5,good,Phone
2025-07-15 03:49:36,5,?????,Phone
2025-07-15 03:49:04,1,not working apk,Phone
2025-07-14 21:05:06,5,Nice,Phone
2025-07-14 15:10:13,5,Like,Phone
2025-07-14 15:00:03,5,ok,Phone
2025-07-14 13:00:52,5,good,Phone
2025-07-14 09:57:11,2,??,Phone
2025-07-14 06:58:08,5,ok,Phone
2025-07-14 06:50:28,5,I like this,Phone
2025-07-13 19:08:45,5,no problem,Phone
2025-07-13 14:52:54,5,good,Tablet
2025-07-12 17:30:07,5,good,Phone
2025-07-11 17:49:48,5,please this device useful,Phone
2025-07-11 13:06:56,5,??????????,Phone
2025-07-11 07:00:20,5,good,Phone
2025-07-10 21:05:10,5,KBZapp ???????????????,Phone
2025-07-10 15:23:33,5,good,Phone
2025-07-10 13:34:31,5,very good.,Phone
2025-07-10 12:19:33,5,good,Phone
2025-07-10 09:03:05,4,good,Phone
2025-07-10 04:02:19,5,good,Tablet
2025-07-10 03:31:08,5,Good,Phone
2025-07-09 17:12:38,5,good,Phone
2025-07-09 16:09:47,5,best,Phone
2025-07-09 15:10:20,5,good,Phone
2025-07-09 09:32:10,5,good,Phone
2025-07-09 07:58:14,5,okey,Phone
2025-07-09 06:22:42,5,Very Good,Phone
2025-07-09 05:01:43,5,good,Phone
2025-07-09 04:10:50,5,good,Phone
2025-07-09 01:40:05,3,"Why would pattern need to be visible? Please fix it. And, please also add fingerprint unlock.",Phone
2025-07-08 23:09:09,5,so good,Tablet
2025-07-08 21:19:10,5,ok,Tablet
2025-07-08 17:05:54,5,U thawma,Tablet
2025-07-08 14:20:32,5,?????,Tablet
2025-07-08 12:18:47,5,ok,Tablet
2025-07-08 10:47:49,1,Rating 0 ???????????????? Device Change ?????????????? ????????????????? ??????????????????????????? ?????????? Scan ?????????????? ????????????? Kpay app?? Virtual Customer Support??? Video call ??????????????????????????? ???????? ????????? Transaction 2?? ???????????????????? ??????????????????? ??????????????????????,Phone
2025-07-08 10:22:45,5,good job,Phone
2025-07-08 08:15:47,5,good,Phone
2025-07-08 06:07:01,4,??????????????????? ????????????????????? ??????????????,Phone
2025-07-08 00:18:17,5,good,Phone
2025-07-07 18:09:25,5,GOOD APP,Phone
2025-07-07 17:32:28,4,"""Dear KBZPay Team, The new update's unlock methods are great! However, for phone resets when system password is forgotten, these options don't apply. Adding NCR Card verification (like WaveMoney) would be extremely helpful for such critical recovery. Still a top app, please consider NCR verification!""",Phone
2025-07-07 14:36:06,5,good app,Phone
2025-07-07 13:16:45,5,eazy using,Phone
2025-07-07 09:16:55,5,v 5.8.1 no download,Phone
2025-07-07 03:16:28,3,"pay services only are convenient but notification from the other useless advertising made me mad , tried to unfollow all of the pages but the other days still following",Phone
2025-07-07 03:10:28,5,good,Tablet
2025-07-06 14:55:11,3,?????????? ??????????????????,Tablet
2025-07-06 14:41:34,5,eeyutk good,Phone
2025-07-06 14:17:17,5,I like used Kbzpay,Phone
2025-07-06 12:36:49,1,down ???? ?????,Phone
2025-07-06 12:16:27,5,very good,Phone
2025-07-06 12:05:17,5,like,Phone
2025-07-06 09:12:26,5,very good kpay,Tablet
2025-07-06 05:32:47,5,ferail,Phone
2025-07-06 04:05:19,5,good,Tablet
2025-07-05 23:28:42,5,ok,Tablet
2025-07-05 21:33:35,5,Ok,Phone
2025-07-05 09:52:46,1,Service and Working too bad.,Tablet
2025-07-05 09:38:51,5,Account Lavel 2 Update?,Phone
2025-07-05 08:46:21,5,good,Phone
2025-07-05 06:30:41,4,Good ....,Phone
2025-07-05 04:17:37,5,It's nice,Phone
2025-07-05 02:35:53,5,so good,Tablet
2025-07-05 01:54:46,5,????????????????????,Phone
2025-07-05 00:48:45,5,?????????,Tablet
2025-07-04 16:00:24,5,safe,Phone
2025-07-04 14:59:35,5,"ok, thanks",Phone
2025-07-04 13:52:55,5,good,Phone
2025-07-04 13:34:31,5,Why my device is't using this app?,Phone
2025-07-04 12:59:37,5,good,Phone
2025-07-04 12:43:54,2,like me k pay,Phone
2025-07-04 12:35:58,5,Ok,Phone
2025-07-04 09:24:20,5,good,Phone
2025-07-04 07:24:08,5,It's a speedy range of money,Tablet
2025-07-04 05:26:06,5,good,Phone
2025-07-04 04:21:13,5,good service,Phone
2025-07-04 02:31:57,5,like to kpay,Phone
2025-07-03 17:23:22,4,good app,Tablet
2025-07-03 16:14:05,5,Very good,Phone
2025-07-03 05:21:48,5,Good,Phone
2025-07-03 02:52:22,5,Like,Phone
2025-07-03 02:40:03,1,"This application more difficulties for Myanmar People. So, that we can't believe this app.",Phone
2025-07-02 11:16:52,5,Ok,Tablet
2025-07-02 06:01:40,3,Kpay is good digital wallets,Phone
2025-07-01 22:19:47,5,Good,Phone
2025-07-01 15:20:34,5,??????2?????????????????????????????????,Phone
2025-07-01 15:17:30,1,good,Phone
2025-07-01 14:30:27,5,Good,Phone
2025-07-01 13:12:55,1,???????????acc??????????????? ?? ?????????????????????log?????????? ???????????????? ???????????pin no??????????? ??????????????????? ?????????????????????????????????????????wave??? pin????????????????????????????????????????????? ?????????????????????????????? ????????????login?????????????????login????????????? pin????????? pin???????????????????????? ????????????????????????????????????????????????? ?????????????,Phone
2025-07-01 12:01:39,5,best,Phone
2025-07-01 12:00:03,5,ok,Phone
2025-07-01 10:37:36,3,good,Phone
2025-07-01 07:48:42,5,Good,Phone
2025-07-01 07:25:31,4,I like kbz pay.,Phone
2025-07-01 06:44:59,5,Great App for myanmar people,Phone
2025-06-30 23:27:36,5,best,Phone
2025-06-30 19:40:17,5,good very good,Tablet
2025-06-30 16:11:48,5,good,Tablet
2025-06-30 09:51:25,5,good for me.,Tablet
2025-06-30 03:41:09,5,????????,Tablet
2025-06-30 01:24:18,5,better,Tablet
2025-06-29 22:52:56,5,thank,Phone
2025-06-29 17:31:59,3,Usuaful app,Phone
2025-06-29 15:16:50,5,good,Phone
2025-06-29 14:08:49,5,kpay ???????? wavepay ???????? ????????????? ?????????,Phone
2025-06-29 11:28:23,5,Kpay is very useful to pay when sad chat,Phone
2025-06-29 11:27:52,5,bbbgood,Phone
2025-06-29 10:13:49,5,good.app.,Phone
2025-06-28 23:26:29,5,???????????,Phone
2025-06-28 22:34:20,4,good,Phone
2025-06-28 18:24:25,5,ok,Phone
2025-06-28 14:39:28,5,login problem,Phone
2025-06-28 14:10:50,5,Good apk,Phone
2025-06-28 10:38:48,5,very good,Phone
2025-06-28 10:19:17,5,Good,Phone
2025-06-28 08:10:58,5,good,Phone
2025-06-28 06:01:34,5,Good,Phone
2025-06-28 04:48:49,5,good,Phone
2025-06-28 01:11:06,5,good app,Phone
2025-06-27 20:50:01,5,Good,Phone
2025-06-27 19:13:47,5,Good,Phone
2025-06-27 18:42:40,5,good,Tablet
2025-06-27 16:27:58,5,I don't know but this application is very useful for me,Phone
2025-06-27 13:37:34,1,??? update ? ?????????????? mml ???????????? app ??? ?????????? ????????????????????? ????????????????????????????????? ????????????? kmkl lee update,Phone
2025-06-27 12:43:42,5,Good,Phone
2025-06-27 08:06:10,5,Good,Phone
2025-06-27 05:12:44,5,goid,Phone
2025-06-26 18:48:49,5,Good,Phone
2025-06-26 12:10:00,1,Ok,Phone
2025-06-26 10:29:08,5,Good,Phone
2025-06-26 06:53:29,3,Good,Phone
2025-06-26 05:52:06,5,good,Tablet
2025-06-26 01:52:47,5,thank all,Phone
2025-06-25 15:02:48,5,good,Phone
2025-06-25 13:51:33,3,good,Phone
2025-06-25 13:16:22,5,good,Phone
2025-06-25 12:30:36,5,Thank,Phone
2025-06-25 11:05:55,5,very good,Phone
2025-06-25 10:31:53,5,good,Phone
2025-06-24 22:36:01,5,goodapp,Phone
2025-06-24 12:17:37,1,"I don't like the updated version, It's not use on Redmi note 11 pro. auto logout , login is difficult. After filled code, the app is not logged in and not loading on the device. I tried many times but it's not logged in now for 2 days.",Phone
2025-06-24 09:44:50,5,yehtetzaung,Phone
2025-06-24 08:34:31,5,good,Phone
2025-06-24 07:41:20,5,very good,Tablet
2025-06-24 07:08:55,4,good,Phone
2025-06-24 05:31:20,4,ok,Phone
2025-06-24 02:39:25,5,????????????,Phone
2025-06-24 01:07:55,5,good,Phone
2025-06-23 13:46:55,5,??,Phone
2025-06-23 13:13:02,5,good,Phone
2025-06-23 13:10:45,5,Very nice,Phone
2025-06-23 13:02:54,4,???????????????,Phone
2025-06-23 11:46:43,5,GOOD,Phone
2025-06-23 08:42:01,2,You cheated me.,Phone
2025-06-23 07:31:22,5,ok,Phone
2025-06-23 07:29:09,5,better,Phone
2025-06-23 06:05:15,5,well,Phone
2025-06-23 04:04:11,5,like,Tablet
2025-06-23 02:38:54,5,All of One,Phone
2025-06-23 01:08:05,5,Good,Phone
2025-06-22 23:42:29,5,good,Phone
2025-06-22 18:36:38,5,???????????????????????????????????????????????????,Phone
2025-06-22 14:45:02,5,Good.,Phone
2025-06-22 13:25:49,5,ok right,Phone
2025-06-22 10:19:30,1,It is easy to transfer but it takes long to fill or can't fill phone bill,Tablet
2025-06-22 08:55:56,5,ok,Phone
2025-06-22 08:53:36,5,Good,Phone
2025-06-22 08:37:23,5,nice,Tablet
2025-06-22 08:09:06,5,good,Phone
2025-06-22 07:37:16,1,"Seriously, it says it had sent sms code to my number but nothing arrived till 4 hours later. Then, it says the code is wrong. What am I supposed to do?",Tablet
2025-06-22 02:55:10,5,good services,Tablet
2025-06-22 02:41:11,5,good,Phone
2025-06-21 20:39:59,5,good,Phone
2025-06-21 20:12:00,1,Phone change,Tablet
2025-06-21 16:13:06,5,good,Phone
2025-06-21 14:51:44,5,Very good,Tablet
2025-06-21 13:29:02,5,kolay,Phone
2025-06-21 12:51:40,2,kpay sms code??????? ??????????????,Tablet
2025-06-21 10:40:05,5,good,Phone
2025-06-21 10:26:03,5,good,Phone
2025-06-21 10:07:22,2,I can't top up my phone,Phone
2025-06-21 07:20:20,5,very good,Phone
2025-06-21 04:32:13,5,Kbzpay Thankyou,Phone
2025-06-21 03:39:46,5,good,Phone
2025-06-21 03:29:05,5,I like it.,Phone
2025-06-21 02:02:12,5,ok,Phone
2025-06-20 21:15:30,5,good,Tablet
2025-06-20 19:24:40,5,ok,Phone
2025-06-20 14:54:53,5,This app use is good,Phone
2025-06-20 13:44:31,5,nice,Phone
2025-06-20 12:58:53,5,good,Phone
2025-06-20 12:56:16,5,????????????????????????????????,Phone
2025-06-20 11:24:35,5,good,Phone
2025-06-20 10:34:35,5,Smile,Phone
2025-06-20 05:57:34,3,??????????????????????????????????????,Phone
2025-06-20 03:57:49,5,good,Phone
2025-06-20 03:05:36,5,good,Phone
2025-06-20 02:38:51,5,????????????????kbz??,Phone
2025-06-20 02:13:55,5,good,Phone
2025-06-19 20:54:41,5,good .&,Phone
2025-06-19 16:38:52,5,good,Phone
2025-06-19 15:40:45,5,verygood,Tablet
2025-06-19 13:58:03,5,like,Tablet
2025-06-19 13:20:04,4,not bad,Phone
2025-06-19 10:42:43,5,Good kbz,Phone
2025-06-19 05:17:10,5,paye phyo,Phone
2025-06-19 02:36:27,5,ok thanks,Phone
2025-06-19 00:57:43,5,?????????????????????? ??????????????????,Phone
2025-06-18 14:03:04,5,good app,Phone
2025-06-18 10:28:06,5,good,Phone
2025-06-18 04:33:09,5,Nice,Phone
2025-06-18 02:35:55,5,Good,Phone
2025-06-17 16:36:44,4,ok,Phone
2025-06-17 12:57:33,5,????????????????????????????????????????????????????,Tablet
2025-06-17 12:43:18,5,useful,Phone
2025-06-17 12:00:03,5,Good,Phone
2025-06-17 11:01:41,1,i bought robux from kpay app but i spent the money and i redemed the code but the redemed code is not working GIVE ME A REFUNDDDDD.,Phone
2025-06-17 10:40:04,5,ok,Phone
2025-06-17 08:03:59,4,?????????????????????,Phone
2025-06-17 06:13:55,5,Best,Phone
2025-06-17 02:07:25,5,Good,Tablet
2025-06-16 17:21:46,5,Perfect,Phone
2025-06-16 16:40:24,5,Good,Phone
2025-06-16 15:45:34,3,Breaking customer's rights.So Bad,Phone
2025-06-16 11:29:27,1,line lag,Phone
2025-06-16 11:04:48,5,good app,Phone
2025-06-16 08:57:25,5,good,Phone
2025-06-16 07:12:32,1,i do'nt like app,Phone
2025-06-16 05:07:47,5,very good money app,Phone
2025-06-16 04:55:42,5,ok,Phone
2025-06-15 12:22:15,5,good,Phone
2025-06-15 10:46:37,5,good,Phone
2025-06-15 09:11:37,5,good. app,Phone
2025-06-15 08:42:30,5,Liked,Phone
2025-06-15 04:59:48,5,Help to use,Phone
2025-06-15 03:03:13,4,Bad customer service .,Phone
2025-06-14 15:24:43,5,?????????????? app ??????????,Tablet
2025-06-14 15:05:41,5,good,Tablet
2025-06-14 13:45:15,5,very good,Phone
2025-06-14 09:29:06,5,ok,Phone
2025-06-14 07:16:43,5,Good,Phone
2025-06-14 02:38:08,3,good,Phone
2025-06-13 18:07:42,5,good job!,Phone
2025-06-13 14:55:44,5,very quick,Phone
2025-06-13 14:01:14,5,GOOD,Phone
2025-06-13 10:00:19,5,Very good,Phone
2025-06-13 08:27:53,5,good,Phone
2025-06-13 07:19:20,5,good,Phone
2025-06-13 07:02:48,5,this app is useful easy play slotgame,Tablet
2025-06-13 05:14:13,5,good,Tablet
2025-06-13 03:28:57,5,good,Tablet
2025-06-13 02:40:46,5,good,Phone
2025-06-13 02:15:01,5,good,Phone
2025-06-12 21:31:57,5,thank,Phone
2025-06-12 19:37:36,5,play mave,Phone
2025-06-12 14:12:00,5,better,Phone
2025-06-12 14:09:22,4,Nice app,Phone
2025-06-12 10:58:54,5,like,Phone
2025-06-12 04:55:03,5,"In this modern world, the online payment system is very convenient for everyone to use, so it is very good to use.",Phone
2025-06-12 03:19:24,5,Ok,Tablet
2025-06-12 02:29:19,5,thanks you,Phone
2025-06-12 00:06:06,5,so good,Tablet
2025-06-11 23:32:18,1,Not Connected,Phone
2025-06-11 17:52:11,5,nice,Phone
2025-06-11 17:43:56,5,love,Phone
2025-06-11 17:26:35,2,cannot open,Phone
2025-06-11 17:18:51,5,like the app,Phone
2025-06-11 14:14:53,5,good,Phone
2025-06-11 13:20:37,5,good,Phone
2025-06-11 09:02:03,5,untrusted,Phone
2025-06-11 02:18:10,5,good,Phone
2025-06-10 13:14:37,5,GOOD,Phone
2025-06-10 11:13:46,5,Thank,Phone
2025-06-10 10:46:51,5,ok,Phone
2025-06-10 10:28:37,5,good,Phone
2025-06-10 05:04:34,5,Thanks par,Phone
2025-06-10 05:01:55,4,good app,Phone
2025-06-10 04:45:39,5,ok,Phone
2025-06-10 03:44:46,4,good,Phone
2025-06-09 15:42:20,5,Good app,Phone
2025-06-09 14:14:45,5,good,Phone
2025-06-09 14:13:09,5,Good,Phone
2025-06-09 14:05:09,5,like,Phone
2025-06-09 12:27:40,5,Nice and Safe,Tablet
2025-06-09 09:07:15,3,good,Phone
2025-06-09 08:39:06,5,Very Good,Phone
2025-06-09 06:46:51,5,good,Phone
2025-06-09 05:26:23,5,very good,Phone
2025-06-09 05:04:13,5,Ok,Phone
2025-06-09 00:13:23,5,Good,Phone
2025-06-08 16:01:30,5,like,Phone
2025-06-08 13:39:56,5,good,Tablet
2025-06-08 10:52:12,5,good,Phone
2025-06-08 08:32:52,5,??? kbz,Phone
2025-06-08 08:04:38,5,ok,Phone
2025-06-08 06:34:53,4,good for transfer money,Phone
2025-06-08 06:34:31,4,help me/ not install,Phone
2025-06-08 05:46:10,5,Very much for me,Phone
2025-06-08 04:16:19,5,Good,Phone
2025-06-08 04:01:50,4,good,Tablet
2025-06-07 17:29:21,5,ok very usefull app,Phone
2025-06-07 14:13:33,1,app???????????????????? ??????????????????????,Phone
2025-06-07 09:40:10,5,Good,Phone
2025-06-07 08:03:04,5,Good,Phone
2025-06-07 05:36:35,3,good,Tablet
2025-06-07 05:30:39,5,??,Phone
2025-06-07 04:59:57,5,"This application is easy and fast for transferring money, recharging phone bills, and more.",Tablet
2025-06-07 03:44:52,5,goog,Phone
2025-06-07 03:05:10,1,??????????? ???????????,Tablet
2025-06-06 17:02:26,5,good,Phone
2025-06-06 15:22:36,5,MY FAVORITE,Tablet
2025-06-06 06:08:26,5,Saipom,Phone
2025-06-06 05:51:31,5,good,Phone
2025-06-06 05:49:11,5,good,Phone
2025-06-06 01:38:41,5,good,Phone
2025-06-05 20:15:13,5,Nice,Phone
2025-06-05 18:20:55,5,good yes,Phone
2025-06-05 17:51:35,5,ok,Phone
2025-06-05 17:29:07,5,good,Phone
2025-06-05 17:04:04,2,"why my account disappears if i stopped using it sometimes, I got to re log in every time, every week when I'm just not using it for 3 days, my account is gone, I hate this, are you gonna fixed it or not?",Phone
2025-06-05 15:43:57,5,good,Phone
2025-06-05 09:39:09,5,I don't like,Tablet
2025-06-05 09:36:16,5,good payment,Phone
2025-06-05 07:05:16,5,goot,Phone
2025-06-05 04:07:11,5,ok,Phone
2025-06-05 03:29:09,1,Ok,Phone
2025-06-05 01:46:29,5,????????????,Phone
2025-06-05 00:39:06,4,Good,Phone
2025-06-04 20:16:34,5,so good,Phone
2025-06-04 19:23:23,5,ok,Tablet
2025-06-04 19:04:56,5,good,Phone
2025-06-04 18:35:09,5,dowloads fill,Phone
2025-06-04 17:06:12,5,My like is,Phone
2025-06-04 15:53:34,5,ok,Phone
2025-06-04 14:52:41,5,good app,Phone
2025-06-04 13:39:04,5,????,Phone
2025-06-04 11:28:47,5,verry good,Phone
2025-06-04 09:48:17,4,great,Phone
2025-06-04 07:57:54,5,kpay??? ???????????????????????,Phone
2025-06-04 07:33:13,1,Your service was bad,Phone
2025-06-04 06:16:25,5,GOOD,Tablet
2025-06-04 04:14:58,4,good luck,Phone
2025-06-04 01:50:20,1,the worst thing of this App is not compatible for every device. I feel like I'm being discriminated!,Phone
2025-06-03 13:21:17,5,??????????????????????? ???????????,Phone
2025-06-03 10:43:19,5,vary convenient,Phone
2025-06-03 09:25:53,1,???????????? ?????????????? ???? ??????????? ?????????????? app,Phone
2025-06-03 09:01:49,5,good,Phone
2025-06-03 06:35:14,5,this app is important,Phone
2025-06-03 05:29:42,5,So cool very good,Phone
2025-06-02 17:50:38,1,i cannot use in my VIVO Y66,Phone
2025-06-02 17:03:01,5,forget passwor,Phone
2025-06-02 16:29:53,5,ok,Phone
2025-06-02 14:52:32,3,Not Bad,Tablet
2025-06-02 13:40:37,5,good,Tablet
2025-06-02 09:19:22,5,ok,Tablet
2025-06-02 08:18:04,5,ok,Phone
2025-06-02 07:30:48,5,thank,Phone
2025-06-01 21:07:08,5,good,Phone
2025-06-01 18:56:35,4,so good,Phone
2025-06-01 16:02:31,5,ok,Phone
2025-06-01 07:11:45,5,good,Phone
2025-06-01 06:17:06,5,good,Phone
2025-06-01 04:56:06,1,????? ?????????????????????? acc?????????????????? ???????????????????????????????????????????????????????????? verification ??????? ???????????????????????????? ???????????????????????????????????????????????????????????? ?????????? ???????? ???????scan??????? ????????????? ??????????????????????????????????? ????????????binance????????,Phone
2025-06-01 04:16:31,5,Oki good APK innocent like,Phone
2025-05-31 13:40:08,5,like,Phone
2025-05-31 12:36:25,5,????,Tablet
2025-05-31 12:12:39,5,very like,Phone
2025-05-31 11:07:21,5,Good,Phone
2025-05-31 10:50:54,5,Good,Tablet
2025-05-31 10:17:39,5,good,Tablet
2025-05-31 08:20:08,5,????????????????,Phone
2025-05-31 08:14:18,5,good,Phone
2025-05-31 07:27:47,5,Very good,Phone
2025-05-31 07:07:48,5,help me ! i can't used kbz apk.,Phone
2025-05-30 11:02:29,5,good,Phone
2025-05-30 10:53:57,5,thankyouapp,Phone
2025-05-30 10:10:52,2,Is not bad,Phone
2025-05-30 05:45:21,1,It's not reliable,Phone
2025-05-30 05:02:21,2,"To the owner .... After releasing the update, make sure that that updating is suitable for every devices. If not ,that update is useless update. Be careful . That's about money. Pay more attention for your new updates.",Phone
2025-05-30 04:42:04,5,good,Phone
2025-05-29 15:29:14,5,this nice,Phone
2025-05-29 10:04:17,5,good,Phone
2025-05-29 08:57:07,5,ok,Tablet
2025-05-29 02:25:17,5,ok,Phone
2025-05-28 15:27:22,5,good,Phone
2025-05-28 13:22:33,5,"so good I'm like,",Phone
2025-05-28 05:54:48,5,sitaung,Phone
2025-05-28 01:21:15,1,Not safety app,Phone
2025-05-27 22:23:49,5,Thank.,Phone
2025-05-27 18:30:59,5,Good,Phone
2025-05-27 16:23:52,5,Good,Phone
2025-05-27 14:21:44,5,easy pay for all payment,Phone
2025-05-27 13:13:06,5,5star,Phone
2025-05-27 12:40:26,5,Good kbzpay,Tablet
2025-05-27 10:56:29,5,My Office like,Tablet
2025-05-27 09:11:19,5,good,Phone
2025-05-27 07:25:20,1,Fail. App,Phone
2025-05-27 04:50:59,5,Good luck,Phone
2025-05-26 21:17:25,5,give me cash back,Phone
2025-05-26 16:17:21,5,Like!,Phone
2025-05-26 14:29:24,5,good,Phone
2025-05-26 09:15:05,5,Good,Phone
2025-05-26 07:25:50,1,bad,Phone
2025-05-25 20:39:18,5,ok,Phone
2025-05-25 17:40:41,5,Sever good,Phone
2025-05-25 13:43:50,5,use to easy apk,Phone
2025-05-25 12:54:45,5,good,Phone
2025-05-25 12:00:45,2,????????????????,Phone
2025-05-25 11:48:12,5,good,Tablet
2025-05-25 08:00:12,5,thankyou,Phone
2025-05-25 07:34:21,5,good,Phone
2025-05-25 06:37:00,5,good,Phone
2025-05-25 06:35:30,5,good,Phone
2025-05-24 22:34:14,5,good,Phone
2025-05-24 16:49:44,5,very like,Phone
2025-05-24 15:46:20,5,good,Phone
2025-05-24 13:05:07,4,good,Phone
2025-05-24 11:25:29,5,good job,Phone
2025-05-24 07:26:33,5,good,Tablet
2025-05-24 06:00:17,5,like,Phone
2025-05-24 05:49:10,5,login my account now confirm me,Phone
2025-05-24 03:03:58,1,cannot update latest version,Phone
2025-05-23 23:18:16,5,??,Phone
2025-05-23 17:05:25,1,"I don't like this new update!because I'm very busy.i can't go to the bank.why did they do QR code?So,you will delete this QR code system.i don't like this system.i hate this system!",Phone
2025-05-23 05:45:18,5,good use,Phone
2025-05-23 05:02:07,5,good luck.,Phone
2025-05-23 03:39:40,5,good,Phone
2025-05-23 02:32:00,5,yes excellent banking service,Phone
2025-05-23 01:00:34,5,good,Phone
2025-05-22 22:39:15,5,?????,Tablet
2025-05-22 15:22:36,5,so smooth to transfer money.,Tablet
2025-05-22 14:53:46,5,very good,Tablet
2025-05-22 14:47:22,5,good,Tablet
2025-05-22 09:23:21,5,I always ?? ?? use app very successful good,Tablet
2025-05-22 07:00:29,2,is not ok,Phone
2025-05-22 04:24:39,5,good,Phone
2025-05-22 01:21:29,5,Ok good thank. Good luck.,Phone
2025-05-22 00:40:38,3,good,Phone
2025-05-21 15:44:52,5,great,Phone
2025-05-21 15:27:52,1,Pin ???????????????????? ???????????,Phone
2025-05-21 08:22:51,5,Great,Phone
2025-05-21 02:30:21,2,????????????????,Phone
2025-05-20 16:15:26,1,low service,Phone
2025-05-20 14:58:38,5,ok,Phone
2025-05-20 14:38:15,5,it's a very good super duper app,Phone
2025-05-20 14:30:41,5,Very Good,Tablet
2025-05-20 12:29:58,5,good,Tablet
2025-05-20 08:01:04,5,ok.thank,Phone
2025-05-20 07:14:55,5,good,Phone
2025-05-20 06:12:15,5,mai lay,Phone
2025-05-20 05:26:17,2,Can't log in.,Phone
2025-05-20 03:57:30,4,can't. open,Phone
2025-05-19 18:52:12,5,good,Tablet
2025-05-19 13:28:04,5,good,Phone
2025-05-19 11:19:24,5,ok,Tablet
2025-05-19 07:29:32,5,Good,Tablet
2025-05-19 05:51:04,5,good,Phone
2025-05-19 04:17:27,5,very good,Tablet
2025-05-19 04:14:52,5,Very Good,Phone
2025-05-18 16:42:54,1,"KBZ pay app is good but some problem what we have using this app, Kbz pay center and Call center give us bad service, waiting time is so long, call center ph is ever busy and their answers are very confuse.",Phone
2025-05-18 16:24:43,4,okey,Phone
2025-05-18 14:09:33,5,good,Phone
2025-05-18 13:48:52,5,GOOD,Tablet
2025-05-18 10:27:35,5,My like,Phone
2025-05-18 07:57:33,5,good,Tablet
2025-05-18 03:14:12,5,ok,Phone
2025-05-18 02:02:40,5,good app,Phone
2025-05-17 19:19:56,5,Please My Acc Login Why Z????,Phone
2025-05-17 13:23:24,5,Ok,Phone
2025-05-17 13:19:34,5,good,Phone
2025-05-17 08:42:29,5,nice,Phone
2025-05-17 06:56:01,5,good,Phone
2025-05-17 05:32:37,5,good,Phone
2025-05-17 00:31:43,5,great job,Tablet
2025-05-16 20:19:57,5,????????????,Phone
2025-05-16 17:31:13,5,GOOD APP,Phone
2025-05-16 15:20:52,5,good,Phone
2025-05-16 11:07:50,5,Gread,Tablet
2025-05-16 05:03:55,5,like,Phone
2025-05-16 00:33:21,5,I like to KBZ BANK . COM.Thank KBZ,Phone
2025-05-15 16:17:26,5,good,Phone
2025-05-15 15:20:05,5,good,Phone
2025-05-15 15:16:42,5,Nice,Tablet
2025-05-15 13:38:46,5,"Thank you so much,easy use and excellent application.",Phone
2025-05-15 13:26:17,4,Not bad,Phone
2025-05-15 13:08:39,5,Good,Phone
2025-05-15 12:43:46,5,best,Phone
2025-05-15 12:07:10,5,excellent,Phone
2025-05-15 11:52:50,5,Very nice.,Phone
2025-05-15 11:50:53,5,good for use,Phone
2025-05-15 11:47:50,5,faster and secure transaction E-wallet app,Phone
2025-05-15 11:45:40,5,ok,Phone
2025-05-15 11:38:17,5,good,Phone
2025-05-15 11:18:37,4,ok,Phone
2025-05-15 11:17:03,5,good,Phone
2025-05-15 11:07:56,5,good,Phone
2025-05-15 06:15:46,5,??????,Tablet
2025-05-15 01:01:57,5,Good,Tablet
2025-05-15 00:40:54,5,Good app I like KBZ pay,Tablet
2025-05-14 16:25:33,5,Login ?????????????,Tablet
2025-05-14 05:05:19,5,good,Tablet
2025-05-13 15:47:36,5,OK good Thanks for the,Phone
2025-05-13 15:36:59,5,good,Phone
2025-05-13 13:29:29,1,"electric bill has issues, show Null when we press pay...please double check your apps.",Phone
2025-05-13 10:39:36,5,thankyou,Phone
2025-05-13 08:20:29,5,Thank you so musx kbz,Phone
2025-05-13 03:51:22,5,good,Phone
2025-05-13 01:14:53,5,good,Phone
2025-05-12 20:20:04,5,good,Phone
2025-05-12 14:36:46,5,very very good,Phone
2025-05-12 12:01:57,5,Good,Phone
2025-05-12 09:29:47,5,Good app,Phone
2025-05-12 06:03:28,5,good,Phone
2025-05-12 04:44:29,3,good,Phone
2025-05-11 18:29:12,5,good app,Phone
2025-05-11 12:58:24,3,so nice,Phone
2025-05-11 08:59:34,5,good,Phone
2025-05-11 06:30:43,5,The best application,Phone
2025-05-11 05:51:33,1,not using my device,Phone
2025-05-11 05:36:10,5,Good,Phone
2025-05-11 03:48:54,5,It is very save app for everyone.,Phone
2025-05-11 03:47:35,1,Worst service......rude staffs.... irresponsible officials.... I don't really want to give only one star . But I give one star to post my review. BAD KBZ .,Tablet
2025-05-11 03:11:36,5,very good,Phone
2025-05-11 02:01:51,5,Love it,Phone
2025-05-11 00:27:09,5,Ok,Phone
2025-05-10 15:34:26,5,good,Phone
2025-05-10 12:29:00,5,Good,Phone
2025-05-10 10:47:58,5,good,Phone
2025-05-10 09:53:29,1,lack of security,Phone
2025-05-10 09:00:41,5,good,Phone
2025-05-10 07:39:19,5,Good,Phone
2025-05-10 05:37:18,5,very good,Tablet
2025-05-10 05:01:37,5,Ok,Phone
2025-05-10 03:35:16,5,ok,Phone
2025-05-10 02:28:17,5,good,Phone
2025-05-09 15:06:25,5,good. services like this,Phone
2025-05-09 10:34:11,5,good appq,Phone
2025-05-09 09:25:39,5,3years taungoo work ok,Phone
2025-05-09 02:34:29,5,good,Phone
2025-05-08 18:59:08,5,????????????????????????????????????????????????????KBZ PAY ???????????????????????????????????? ???????????????????????????????????????????????????????????????? ?????????,Phone
2025-05-08 15:51:29,1,Nowadays; customers are facing with the problem of new device login problem and this is very bad system,Phone
2025-05-08 14:13:28,1,Android ver 7 ??????????????????? update ? version 8 ?????????????????,Phone
2025-05-08 14:13:14,5,very good,Phone
2025-05-08 08:41:51,1,??????????????????? server ????????????????????????????? ?????????????? Noti ?????????????????????? ??????????????? ?????????????????????? ?? Apk ???????????????? ????????? love psycho....,Tablet
2025-05-08 00:18:58,1,This kbzpay Give over rating,Phone
2025-05-07 20:15:48,5,ok,Phone
2025-05-07 19:47:09,5,ok,Phone
2025-05-07 15:12:38,5,Good,Phone
2025-05-07 13:50:48,5,good,Phone
2025-05-07 09:41:18,5,???????????????????,Phone
2025-05-07 07:57:38,5,I all accept,Phone
2025-05-07 05:43:23,4,Good app,Phone
2025-05-07 05:18:27,5,good,Phone
2025-05-07 04:44:52,5,Good app,Phone
2025-05-07 04:18:32,5,So nice ??,Phone
2025-05-07 04:04:20,3,??????????????,Phone
2025-05-07 01:00:44,5,good,Phone
2025-05-06 17:09:54,5,to save,Tablet
2025-05-06 15:55:38,5,I like this mobile wallet,Phone
2025-05-06 13:55:04,5,Good,Phone
2025-05-06 11:53:36,5,good,Phone
2025-05-06 09:56:16,5,good,Phone
2025-05-06 06:10:08,5,So fast & use easy,Phone
2025-05-06 05:46:55,5,good luck,Phone
2025-05-06 04:33:09,5,ok,Tablet
2025-05-05 18:10:47,5,??????? ????????? ??????????,Phone
2025-05-05 16:14:03,5,Good,Phone
2025-05-05 14:36:08,5,???????????kpay??????????????????????????,Tablet
2025-05-05 12:50:05,5,"how do I change my number, it doesn't show an option for a u.s number",Phone
2025-05-05 12:03:21,5,very good application.,Tablet
2025-05-05 10:32:47,5,good,Tablet
2025-05-05 06:31:50,5,naing,Phone
2025-05-04 16:54:18,2,good,Phone
2025-05-04 15:17:26,5,?????????????????????????????????????????,Tablet
2025-05-04 08:52:48,5,sogood,Phone
2025-05-04 08:44:05,1,open loe ma ya bu,Tablet
2025-05-04 05:08:11,5,good,Phone
2025-05-03 16:09:34,1,???????????? ???????????????? root ????????????? app ???????? ???????????????,Tablet
2025-05-03 12:01:04,1,????????????????? ???????????????? noti ?????????????????,Phone
2025-05-03 11:51:16,5,??????,Phone
2025-05-03 11:24:44,1,"You don't have a choice to unfollow KBZPay Market. Like it or not, they will push notifications to you.",Phone
2025-05-03 07:32:42,5,good pay,Phone
2025-05-03 07:00:03,5,???????????????????????????,Phone
2025-05-03 04:52:09,5,Shweaye,Phone
2025-05-02 23:17:48,5,Good yes,Phone
2025-05-02 16:42:18,1,i donit like this vision i not wanted this app now i phone chang comform for qr my phone in service . i now very wand using pay what i doing,Phone
2025-05-02 15:49:32,5,good,Tablet
2025-05-02 15:29:04,5,I like this,Phone
2025-05-02 14:37:41,5,ok bro,Phone
2025-05-02 10:27:51,5,like,Phone
2025-05-02 04:30:37,1,????????????????????????? ???????????????? ???????????????????? ???????????????? ??????????? ?????????????,Phone
2025-05-02 02:51:53,5,good,Phone
2025-05-02 00:47:54,5,good,Phone
2025-05-01 19:14:01,5,?????????????,Phone
2025-05-01 16:50:30,5,very good,Phone
2025-05-01 14:34:40,5,Good,Phone
2025-05-01 14:08:27,5,best,Phone
2025-05-01 13:33:50,1,very nice,Phone
2025-05-01 13:00:29,5,good,Phone
2025-05-01 10:29:52,5,good app,Phone
2025-05-01 09:31:53,5,ok,Phone
2025-05-01 09:27:57,5,app goods.,Tablet
2025-05-01 07:33:50,5,sweet,Tablet
2025-05-01 07:23:03,5,ok,Phone
2025-05-01 03:20:39,5,okok,Phone
2025-04-30 22:10:04,5,thz.,Phone
2025-04-30 21:10:51,5,sogood,Phone
2025-04-30 17:21:13,5,good app,Phone
2025-04-30 12:04:37,5,good,Phone
2025-04-30 11:56:06,5,Thank alought,Phone
2025-04-30 05:46:59,5,good,Phone
2025-04-30 05:41:58,5,good service Kay,Phone
